<?xml version="1.0" encoding="UTF-8"?>
<root>
  <item name="com.google.android.material.behavior.HideBottomViewOnScrollBehavior currentState">
    <annotation name="androidx.annotation.IntDef">
      <val name="value" val="{com.google.android.material.behavior.HideBottomViewOnScrollBehavior.STATE_SCROLLED_DOWN, com.google.android.material.behavior.HideBottomViewOnScrollBehavior.STATE_SCROLLED_UP}" />
    </annotation>
  </item>
  <item name="com.google.android.material.behavior.HideBottomViewOnScrollBehavior void updateCurrentState(V, int) 1">
    <annotation name="androidx.annotation.IntDef">
      <val name="value" val="{com.google.android.material.behavior.HideBottomViewOnScrollBehavior.STATE_SCROLLED_DOWN, com.google.android.material.behavior.HideBottomViewOnScrollBehavior.STATE_SCROLLED_UP}" />
    </annotation>
  </item>
  <item name="com.google.android.material.behavior.HideBottomViewOnScrollBehavior.OnScrollStateChangedListener void onStateChanged(android.view.View, int) 1">
    <annotation name="androidx.annotation.IntDef">
      <val name="value" val="{com.google.android.material.behavior.HideBottomViewOnScrollBehavior.STATE_SCROLLED_DOWN, com.google.android.material.behavior.HideBottomViewOnScrollBehavior.STATE_SCROLLED_UP}" />
    </annotation>
  </item>
  <item name="com.google.android.material.behavior.HideBottomViewOnScrollBehavior.ScrollState">
    <annotation name="androidx.annotation.IntDef">
      <val name="value" val="{com.google.android.material.behavior.HideBottomViewOnScrollBehavior.STATE_SCROLLED_DOWN, com.google.android.material.behavior.HideBottomViewOnScrollBehavior.STATE_SCROLLED_UP}" />
    </annotation>
  </item>
  <item name="com.google.android.material.behavior.HideViewOnScrollBehavior HideViewOnScrollBehavior(int) 0">
    <annotation name="androidx.annotation.IntDef">
      <val name="value" val="{com.google.android.material.behavior.HideViewOnScrollBehavior.EDGE_RIGHT, com.google.android.material.behavior.HideViewOnScrollBehavior.EDGE_BOTTOM, com.google.android.material.behavior.HideViewOnScrollBehavior.EDGE_LEFT}" />
    </annotation>
  </item>
  <item name="com.google.android.material.behavior.HideViewOnScrollBehavior currentState">
    <annotation name="androidx.annotation.IntDef">
      <val name="value" val="{com.google.android.material.behavior.HideViewOnScrollBehavior.STATE_SCROLLED_OUT, com.google.android.material.behavior.HideViewOnScrollBehavior.STATE_SCROLLED_IN}" />
    </annotation>
  </item>
  <item name="com.google.android.material.behavior.HideViewOnScrollBehavior void setViewEdge(int) 0">
    <annotation name="androidx.annotation.IntDef">
      <val name="value" val="{com.google.android.material.behavior.HideViewOnScrollBehavior.EDGE_RIGHT, com.google.android.material.behavior.HideViewOnScrollBehavior.EDGE_BOTTOM, com.google.android.material.behavior.HideViewOnScrollBehavior.EDGE_LEFT}" />
    </annotation>
  </item>
  <item name="com.google.android.material.behavior.HideViewOnScrollBehavior void setViewEdgeInternal(int) 0">
    <annotation name="androidx.annotation.IntDef">
      <val name="value" val="{com.google.android.material.behavior.HideViewOnScrollBehavior.EDGE_RIGHT, com.google.android.material.behavior.HideViewOnScrollBehavior.EDGE_BOTTOM, com.google.android.material.behavior.HideViewOnScrollBehavior.EDGE_LEFT}" />
    </annotation>
  </item>
  <item name="com.google.android.material.behavior.HideViewOnScrollBehavior void updateCurrentState(V, int) 1">
    <annotation name="androidx.annotation.IntDef">
      <val name="value" val="{com.google.android.material.behavior.HideViewOnScrollBehavior.STATE_SCROLLED_OUT, com.google.android.material.behavior.HideViewOnScrollBehavior.STATE_SCROLLED_IN}" />
    </annotation>
  </item>
  <item name="com.google.android.material.behavior.HideViewOnScrollBehavior.OnScrollStateChangedListener void onStateChanged(android.view.View, int) 1">
    <annotation name="androidx.annotation.IntDef">
      <val name="value" val="{com.google.android.material.behavior.HideViewOnScrollBehavior.STATE_SCROLLED_OUT, com.google.android.material.behavior.HideViewOnScrollBehavior.STATE_SCROLLED_IN}" />
    </annotation>
  </item>
  <item name="com.google.android.material.behavior.HideViewOnScrollBehavior.ScrollState">
    <annotation name="androidx.annotation.IntDef">
      <val name="value" val="{com.google.android.material.behavior.HideViewOnScrollBehavior.STATE_SCROLLED_OUT, com.google.android.material.behavior.HideViewOnScrollBehavior.STATE_SCROLLED_IN}" />
    </annotation>
  </item>
  <item name="com.google.android.material.behavior.HideViewOnScrollDelegate int getViewEdge()">
    <annotation name="androidx.annotation.IntDef">
      <val name="value" val="{com.google.android.material.behavior.HideViewOnScrollBehavior.EDGE_RIGHT, com.google.android.material.behavior.HideViewOnScrollBehavior.EDGE_BOTTOM, com.google.android.material.behavior.HideViewOnScrollBehavior.EDGE_LEFT}" />
    </annotation>
  </item>
  <item name="com.google.android.material.behavior.SwipeDismissBehavior void setSwipeDirection(int) 0">
    <annotation name="androidx.annotation.IntDef">
      <val name="value" val="{com.google.android.material.behavior.SwipeDismissBehavior.SWIPE_DIRECTION_START_TO_END, com.google.android.material.behavior.SwipeDismissBehavior.SWIPE_DIRECTION_END_TO_START, com.google.android.material.behavior.SwipeDismissBehavior.SWIPE_DIRECTION_ANY}" />
    </annotation>
  </item>
</root>

