<?xml version="1.0" encoding="UTF-8"?>
<root>
  <item name="androidx.core.provider.CallbackWrapper void onTypefaceRequestFailed(int) 0">
    <annotation name="androidx.annotation.IntDef">
      <val name="value" val="{androidx.core.provider.FontsContractCompat.FontRequestCallback.FAIL_REASON_PROVIDER_NOT_FOUND, androidx.core.provider.FontsContractCompat.FontRequestCallback.FAIL_REASON_FONT_LOAD_ERROR, androidx.core.provider.FontsContractCompat.FontRequestCallback.FAIL_REASON_FONT_NOT_FOUND, androidx.core.provider.FontsContractCompat.FontRequestCallback.FAIL_REASON_FONT_UNAVAILABLE, androidx.core.provider.FontsContractCompat.FontRequestCallback.FAIL_REASON_MALFORMED_QUERY, androidx.core.provider.FontsContractCompat.FontRequestCallback.FAIL_REASON_WRONG_CERTIFICATES, androidx.core.provider.FontsContractCompat.FontRequestCallback.FAIL_REASON_SECURITY_VIOLATION, androidx.core.provider.FontsContractCompat.FontRequestCallback.RESULT_OK}" />
    </annotation>
  </item>
  <item name="androidx.core.provider.FontRequestWorker int getFontFamilyResultStatus(androidx.core.provider.FontsContractCompat.FontFamilyResult)">
    <annotation name="androidx.annotation.IntDef">
      <val name="value" val="{androidx.core.provider.FontsContractCompat.FontRequestCallback.FAIL_REASON_PROVIDER_NOT_FOUND, androidx.core.provider.FontsContractCompat.FontRequestCallback.FAIL_REASON_FONT_LOAD_ERROR, androidx.core.provider.FontsContractCompat.FontRequestCallback.FAIL_REASON_FONT_NOT_FOUND, androidx.core.provider.FontsContractCompat.FontRequestCallback.FAIL_REASON_FONT_UNAVAILABLE, androidx.core.provider.FontsContractCompat.FontRequestCallback.FAIL_REASON_MALFORMED_QUERY, androidx.core.provider.FontsContractCompat.FontRequestCallback.FAIL_REASON_WRONG_CERTIFICATES, androidx.core.provider.FontsContractCompat.FontRequestCallback.FAIL_REASON_SECURITY_VIOLATION, androidx.core.provider.FontsContractCompat.FontRequestCallback.RESULT_OK}" />
    </annotation>
  </item>
  <item name="androidx.core.provider.FontRequestWorker.TypefaceResult TypefaceResult(int) 0">
    <annotation name="androidx.annotation.IntDef">
      <val name="value" val="{androidx.core.provider.FontsContractCompat.FontRequestCallback.FAIL_REASON_PROVIDER_NOT_FOUND, androidx.core.provider.FontsContractCompat.FontRequestCallback.FAIL_REASON_FONT_LOAD_ERROR, androidx.core.provider.FontsContractCompat.FontRequestCallback.FAIL_REASON_FONT_NOT_FOUND, androidx.core.provider.FontsContractCompat.FontRequestCallback.FAIL_REASON_FONT_UNAVAILABLE, androidx.core.provider.FontsContractCompat.FontRequestCallback.FAIL_REASON_MALFORMED_QUERY, androidx.core.provider.FontsContractCompat.FontRequestCallback.FAIL_REASON_WRONG_CERTIFICATES, androidx.core.provider.FontsContractCompat.FontRequestCallback.FAIL_REASON_SECURITY_VIOLATION, androidx.core.provider.FontsContractCompat.FontRequestCallback.RESULT_OK}" />
    </annotation>
  </item>
  <item name="androidx.core.provider.FontRequestWorker.TypefaceResult mResult">
    <annotation name="androidx.annotation.IntDef">
      <val name="value" val="{androidx.core.provider.FontsContractCompat.FontRequestCallback.FAIL_REASON_PROVIDER_NOT_FOUND, androidx.core.provider.FontsContractCompat.FontRequestCallback.FAIL_REASON_FONT_LOAD_ERROR, androidx.core.provider.FontsContractCompat.FontRequestCallback.FAIL_REASON_FONT_NOT_FOUND, androidx.core.provider.FontsContractCompat.FontRequestCallback.FAIL_REASON_FONT_UNAVAILABLE, androidx.core.provider.FontsContractCompat.FontRequestCallback.FAIL_REASON_MALFORMED_QUERY, androidx.core.provider.FontsContractCompat.FontRequestCallback.FAIL_REASON_WRONG_CERTIFICATES, androidx.core.provider.FontsContractCompat.FontRequestCallback.FAIL_REASON_SECURITY_VIOLATION, androidx.core.provider.FontsContractCompat.FontRequestCallback.RESULT_OK}" />
    </annotation>
  </item>
  <item name="androidx.core.provider.FontsContractCompat android.graphics.Typeface getFontSync(android.content.Context, androidx.core.provider.FontRequest, androidx.core.content.res.ResourcesCompat.FontCallback, android.os.Handler, boolean, int, int) 6">
    <annotation name="androidx.annotation.IntDef">
      <val name="value" val="{android.graphics.Typeface.NORMAL, android.graphics.Typeface.BOLD, android.graphics.Typeface.ITALIC, android.graphics.Typeface.BOLD_ITALIC}" />
    </annotation>
  </item>
  <item name="androidx.core.provider.FontsContractCompat android.graphics.Typeface requestFont(android.content.Context, androidx.core.provider.FontRequest, int, boolean, int, android.os.Handler, androidx.core.provider.FontsContractCompat.FontRequestCallback) 2">
    <annotation name="androidx.annotation.IntDef">
      <val name="value" val="{android.graphics.Typeface.NORMAL, android.graphics.Typeface.BOLD, android.graphics.Typeface.ITALIC, android.graphics.Typeface.BOLD_ITALIC}" />
    </annotation>
  </item>
  <item name="androidx.core.provider.FontsContractCompat android.graphics.Typeface requestFont(android.content.Context, java.util.List&lt;androidx.core.provider.FontRequest&gt;, int, boolean, int, android.os.Handler, androidx.core.provider.FontsContractCompat.FontRequestCallback) 2">
    <annotation name="androidx.annotation.IntDef">
      <val name="value" val="{android.graphics.Typeface.NORMAL, android.graphics.Typeface.BOLD, android.graphics.Typeface.ITALIC, android.graphics.Typeface.BOLD_ITALIC}" />
    </annotation>
  </item>
  <item name="androidx.core.provider.FontsContractCompat void requestFont(android.content.Context, androidx.core.provider.FontRequest, int, java.util.concurrent.Executor, java.util.concurrent.Executor, androidx.core.provider.FontsContractCompat.FontRequestCallback) 2">
    <annotation name="androidx.annotation.IntDef">
      <val name="value" val="{android.graphics.Typeface.NORMAL, android.graphics.Typeface.BOLD, android.graphics.Typeface.ITALIC, android.graphics.Typeface.BOLD_ITALIC}" />
    </annotation>
  </item>
  <item name="androidx.core.provider.FontsContractCompat void requestFontWithFallbackChain(android.content.Context, java.util.List&lt;androidx.core.provider.FontRequest&gt;, int, java.util.concurrent.Executor, java.util.concurrent.Executor, androidx.core.provider.FontsContractCompat.FontRequestCallback) 2">
    <annotation name="androidx.annotation.IntDef">
      <val name="value" val="{android.graphics.Typeface.NORMAL, android.graphics.Typeface.BOLD, android.graphics.Typeface.ITALIC, android.graphics.Typeface.BOLD_ITALIC}" />
    </annotation>
  </item>
  <item name="androidx.core.provider.FontsContractCompat.FontFamilyResult FontFamilyResult(int, androidx.core.provider.FontsContractCompat.FontInfo[]) 0">
    <annotation name="androidx.annotation.IntDef">
      <val name="value" val="{androidx.core.provider.FontsContractCompat.FontFamilyResult.STATUS_OK, androidx.core.provider.FontsContractCompat.FontFamilyResult.STATUS_WRONG_CERTIFICATES, androidx.core.provider.FontsContractCompat.FontFamilyResult.STATUS_UNEXPECTED_DATA_PROVIDED}" />
    </annotation>
  </item>
  <item name="androidx.core.provider.FontsContractCompat.FontFamilyResult FontFamilyResult(int, java.util.List&lt;androidx.core.provider.FontsContractCompat.FontInfo[]&gt;) 0">
    <annotation name="androidx.annotation.IntDef">
      <val name="value" val="{androidx.core.provider.FontsContractCompat.FontFamilyResult.STATUS_OK, androidx.core.provider.FontsContractCompat.FontFamilyResult.STATUS_WRONG_CERTIFICATES, androidx.core.provider.FontsContractCompat.FontFamilyResult.STATUS_UNEXPECTED_DATA_PROVIDED}" />
    </annotation>
  </item>
  <item name="androidx.core.provider.FontsContractCompat.FontFamilyResult androidx.core.provider.FontsContractCompat.FontFamilyResult create(int, androidx.core.provider.FontsContractCompat.FontInfo[]) 0">
    <annotation name="androidx.annotation.IntDef">
      <val name="value" val="{androidx.core.provider.FontsContractCompat.FontFamilyResult.STATUS_OK, androidx.core.provider.FontsContractCompat.FontFamilyResult.STATUS_WRONG_CERTIFICATES, androidx.core.provider.FontsContractCompat.FontFamilyResult.STATUS_UNEXPECTED_DATA_PROVIDED}" />
    </annotation>
  </item>
  <item name="androidx.core.provider.FontsContractCompat.FontFamilyResult androidx.core.provider.FontsContractCompat.FontFamilyResult create(int, java.util.List&lt;androidx.core.provider.FontsContractCompat.FontInfo[]&gt;) 0">
    <annotation name="androidx.annotation.IntDef">
      <val name="value" val="{androidx.core.provider.FontsContractCompat.FontFamilyResult.STATUS_OK, androidx.core.provider.FontsContractCompat.FontFamilyResult.STATUS_WRONG_CERTIFICATES, androidx.core.provider.FontsContractCompat.FontFamilyResult.STATUS_UNEXPECTED_DATA_PROVIDED}" />
    </annotation>
  </item>
  <item name="androidx.core.provider.FontsContractCompat.FontFamilyResult int getStatusCode()">
    <annotation name="androidx.annotation.IntDef">
      <val name="value" val="{androidx.core.provider.FontsContractCompat.FontFamilyResult.STATUS_OK, androidx.core.provider.FontsContractCompat.FontFamilyResult.STATUS_WRONG_CERTIFICATES, androidx.core.provider.FontsContractCompat.FontFamilyResult.STATUS_UNEXPECTED_DATA_PROVIDED}" />
    </annotation>
  </item>
  <item name="androidx.core.provider.FontsContractCompat.FontFamilyResult mStatusCode">
    <annotation name="androidx.annotation.IntDef">
      <val name="value" val="{androidx.core.provider.FontsContractCompat.FontFamilyResult.STATUS_OK, androidx.core.provider.FontsContractCompat.FontFamilyResult.STATUS_WRONG_CERTIFICATES, androidx.core.provider.FontsContractCompat.FontFamilyResult.STATUS_UNEXPECTED_DATA_PROVIDED}" />
    </annotation>
  </item>
  <item name="androidx.core.provider.FontsContractCompat.FontRequestCallback void onTypefaceRequestFailed(int) 0">
    <annotation name="androidx.annotation.IntDef">
      <val name="value" val="{androidx.core.provider.FontsContractCompat.FontRequestCallback.FAIL_REASON_PROVIDER_NOT_FOUND, androidx.core.provider.FontsContractCompat.FontRequestCallback.FAIL_REASON_FONT_LOAD_ERROR, androidx.core.provider.FontsContractCompat.FontRequestCallback.FAIL_REASON_FONT_NOT_FOUND, androidx.core.provider.FontsContractCompat.FontRequestCallback.FAIL_REASON_FONT_UNAVAILABLE, androidx.core.provider.FontsContractCompat.FontRequestCallback.FAIL_REASON_MALFORMED_QUERY, androidx.core.provider.FontsContractCompat.FontRequestCallback.FAIL_REASON_WRONG_CERTIFICATES, androidx.core.provider.FontsContractCompat.FontRequestCallback.FAIL_REASON_SECURITY_VIOLATION, androidx.core.provider.FontsContractCompat.FontRequestCallback.RESULT_OK}" />
    </annotation>
  </item>
  <item name="androidx.core.provider.FontsContractCompat.FontRequestCallback.FontRequestFailReason">
    <annotation name="androidx.annotation.IntDef">
      <val name="value" val="{androidx.core.provider.FontsContractCompat.FontRequestCallback.FAIL_REASON_PROVIDER_NOT_FOUND, androidx.core.provider.FontsContractCompat.FontRequestCallback.FAIL_REASON_FONT_LOAD_ERROR, androidx.core.provider.FontsContractCompat.FontRequestCallback.FAIL_REASON_FONT_NOT_FOUND, androidx.core.provider.FontsContractCompat.FontRequestCallback.FAIL_REASON_FONT_UNAVAILABLE, androidx.core.provider.FontsContractCompat.FontRequestCallback.FAIL_REASON_MALFORMED_QUERY, androidx.core.provider.FontsContractCompat.FontRequestCallback.FAIL_REASON_WRONG_CERTIFICATES, androidx.core.provider.FontsContractCompat.FontRequestCallback.FAIL_REASON_SECURITY_VIOLATION, androidx.core.provider.FontsContractCompat.FontRequestCallback.RESULT_OK}" />
    </annotation>
  </item>
  <item name="androidx.core.provider.FontsContractCompat.TypefaceStyle">
    <annotation name="androidx.annotation.IntDef">
      <val name="value" val="{android.graphics.Typeface.NORMAL, android.graphics.Typeface.BOLD, android.graphics.Typeface.ITALIC, android.graphics.Typeface.BOLD_ITALIC}" />
    </annotation>
  </item>
</root>

